รหัสสินค้า,ชื่อสินค้า,ราคา,ขาย,ชื่อร้านค้า,อัตราค่าคอมมิชชัน,คอมมิชชัน,ลิงก์สินค้า,ลิงก์ข้อเสนอ
24664623535,Brembo 07HO3005 /ผ้าเบรกหน้า สำหรับ Honda Forza 350 / Forza 300 ปี 2018-2020,899,18,youwish_shop,11.01%,฿98.98,https://shopee.co.th/product/233149943/24664623535,https://s.shopee.co.th/W1vrBxkha
43065282693,ชุดสีทั้งคัน ฟอซ่า FORZA 350 2025 ABS รหัส เทา-ดำ(แลมโบ) NH-C53P แท้เบิกศูนย์ฮอนด้า (Megaparts Store),353,76,MEGAPARTS Store,8%,฿28.24,https://shopee.co.th/product/769149049/43065282693,https://s.shopee.co.th/LiVesyO2Z
41565117412,ชุดสีทั้งคัน ฟอซ่า FORZA 350 2025 ABS รหัสสีขาว-ดำ NH-C85P แท้เบิกศูนย์ฮอนด้า (Megaparts Store),353,37,MEGAPARTS Store,8%,฿28.24,https://shopee.co.th/product/769149049/41565117412,https://s.shopee.co.th/9zt1AeNaQS
44125986773,ฝาปิดปั๊มน้ำมันเบรค Forza/PCX160/Click160/ADV ใหม่มาแรงสไตล์2TONE สีสันสะดุดตา มีหลากหลายโทนสี ให้เลือกตามชอบ,180,24,holaracing,5%,฿9.00,https://shopee.co.th/product/97321703/44125986773,https://s.shopee.co.th/AACRMxMx5V
21485728435,โช้้คหลัง Forza350 โช้คแก้ส ปรับระดับได้  เติมแก็สได้ แบร์นด CL ขนาด 400 MM ( 1 คู่  ),7.9พัน,0,holaracing,5%,฿395.00,https://shopee.co.th/product/97321703/21485728435,https://s.shopee.co.th/AKVrZGMJkY
18779591214,[โค้ดลด KAKUDEC100 ลด100] MOTOWOLF ชุดบาร์เสริม HONDA FORZA และ มอเตอร์ไซค์รุ่นอื่นๆ ของแท้,559,102,KAKUDOS Official Store,5%,฿27.95,https://shopee.co.th/product/32690972/18779591214,https://s.shopee.co.th/AUpHlZLgPb
20084010351,MOTOTEC MT-FORZA QD ชุดที่จับโทรศัพท์สำหรับมอเตอร์ไซด์รุ่นปลดเร็วพร้อมครอบแฮนด์ FORZA 350 แท้,1.1พัน,1พัน+,MOTOTEC THAILAND,8%,฿88.24,https://shopee.co.th/product/1046880862/20084010351,https://s.shopee.co.th/9KdKNQQ7mO
40072612940,MOTOTEC MT-FORZA QD(Lite) ชุดที่จับโทรศัพท์สำหรับมอเตอร์ไซด์ พร้อมครอบแฮนด์ FORZA แท้ ปรับได้ 360° ทนทาน รับประกัน 1 ปี,949,8,MOTOTEC THAILAND,8%,฿75.92,https://shopee.co.th/product/1046880862/40072612940,https://s.shopee.co.th/9UwkZjPURR
21291713411,Brembo 07064CC ผ้าเบรกหลัง CC (เกรดคาร์บอน) สำหรับ HONDA : Forza 300 2018-2020 / Forza 350,899,153,Brembo_Thailand,10%,฿89.90,https://shopee.co.th/product/999911851/21291713411,https://s.shopee.co.th/9fGAm2Or6U
5463743068,"Dunlop ScootSmart2 ใส่ Forza350 / Xmax / Nmax / Aerox / Pcx160 / Adv / Zontes 350E ขอบ 13""-15"" ยางมอเตอร์ไซค์",1.4พัน,2พัน+,Dunlop Moto Official Store,11%,฿158.40,https://shopee.co.th/product/225387673/5463743068,https://s.shopee.co.th/9pZayLODlX
27440248706,ชุดสีทั้งคัน ฟอซ่า FORZA 350 2025 ดำ BLK (ดำมุก) รหัสสี NH-B98P แท้เบิกศูนย์ฮอนด้า (Megaparts Store),353,26,MEGAPARTS Store,8%,฿28.24,https://shopee.co.th/product/769149049/27440248706,https://s.shopee.co.th/8fNdaCSf8K
42615466399,ชุดสีทั้งคัน ฟอซ่า FORZA 350 2025 ABS รหัสสี แดง-ดำ(แดงแก้ว) R-340C แท้เบิกศูนย์ฮอนด้า (Megaparts Store),353,3,MEGAPARTS Store,8%,฿28.24,https://shopee.co.th/product/769149049/42615466399,https://s.shopee.co.th/8ph3mVS1nN
56704955373,ตัวปิดกันตก Forza 350 อย่างหนา มี 5 สี แบรนด์ HOLA มิเนียมปิดกันตก | สําหรับมอเตอร์ไซค์ | อุปกรณ์เสริม | ป้องกันตก,960,0,holaracing,5%,฿48.00,https://shopee.co.th/product/97321703/56704955373,https://s.shopee.co.th/900TyoROSQ
52904953421,ขายึดชิวหน้า Forza 350 แบรนด์ HOLA งาน CNC ขาจับชิวอลูมิเนียมหนา ขายึดชิวฟอซ่า มี 5 สี,759,0,holaracing,5%,฿37.95,https://shopee.co.th/product/97321703/52904953421,https://s.shopee.co.th/9AJuB7Ql7T
9877092426,DYNAVOLT MG10ZS-C ไดน่าโวลท์ แบตเตอรี่มอเตอร์ไซค์ แบตเตอรี่ นาโนเจล Forza350,2.0พัน,1พัน+,Liquimoly_officialshop,8%,฿159.20,https://shopee.co.th/product/273127535/9877092426,https://s.shopee.co.th/807wmyVCUG
24118869254,MOTOTEC PUSH LOCK MT-FORZA QD01 ชุดที่จับโทรศัพท์มือถือพร้อมครอบแฮนด์ สำหรับมอเตอร์ไซด์ FORZA350,509,32,MOTOTEC THAILAND,8%,฿40.72,https://shopee.co.th/product/1046880862/24118869254,https://s.shopee.co.th/8ARMzHUZ9J
19993269250,MOTOTEC MT-FORZA P01  ชุดที่จับโทรศัพท์สำหรับมอเตอร์ไซด์ พร้อมครอบแฮนด์ FORZA 350 แท้ ปรับได้ 180° ปรับ ก้ม-เงย ได้,989,114,MOTOTEC THAILAND,8%,฿79.12,https://shopee.co.th/product/1046880862/19993269250,https://s.shopee.co.th/8KknBaTvoM
15922502686,[ส่งด่วน] ผ้าเบรค Bendix Honda Forza 300/350 | ADV150/160 | PCX ทุกรุ่น ทุกปี,96,1พัน+,bendix_officialstore,5%,฿4.80,https://shopee.co.th/product/261266408/15922502686,https://s.shopee.co.th/8V4DNtTITP
20290008607,(พร้อมส่ง) FZ FORZA รองเท้ากีฬาแบดมินตัน รุ่น X-PULSE (อ่านรายละเอียดก่อนทำการสั่งซื้อ),1.0พัน,241,FZ FORZA THAILAND ,11%,฿114.40,https://shopee.co.th/product/1019798535/20290008607,https://s.shopee.co.th/7KsFzkXjqC
26926758553,ปะเก็นฝาครอบเครื่องด้านขวา  FORZA 300 2013 (HONDA) ฟอร์ซ่า แท้เบิกศูนย์ฮอนด้า (Megaparts Store),127,22,MEGAPARTS Store,8%,฿10.16,https://shopee.co.th/product/769149049/26926758553,https://s.shopee.co.th/7VBgC3X6VF
